[
    {
      "color": [
        "White"
      ],
      "categoryType": "Shirts",
      "productUrl": "/clothing/men/slim-button-down-wrinkle-resistant-performance-dress-shirt/pro/01705319/cat2560003",
      "availability": "true",
      "size": [
        "XL",
        "M",
        "L",
        "L Tall",
        "XXL Tall",
        "S",
        "M Tall",
        "XL Tall",
        "XS",
        "XXL"
      ],
      "category": [
        "New Arrivals",
        "*M INCLUSION - MARCH DM (40% Off any shirt or top) - 12.27",
        "Performance Dress Shirts",
        "Slim Fit Dress Shirts",
        "1MX & Patterned Dress Shirts",
        "Tops",
        "Shirt Shop"
      ],
      "productDescription": "Our performance dress shirt is easy care, so that you can look sharp with little effort. Wear this shirt from work days to weekends with chinos or jeans.",
      "catlevel2Name": "New Arrivals",
      "title": "slim button-down wrinkle resistant performance dress shirt",
      "productImage": "https://images.express.com/is/image/expressfashion/0020_01705319_0001?cache=on&wid=361&fmt=jpeg&qlt=75,1&resmode=sharp2&op_usm=1,1,5,0&defaultImage=Photo-Coming-Soon",
      "sku": "01705319",
      "price": 100,
      "catlevel3Name": "New Arrivals",
      "catlevel1Name": "men",
      "name": "slim button-down wrinkle resistant performance dress shirt",
      "gender": [
        "men"
      ],
      "catlevel4Name": "Performance Dress Shirts",
      "uniqueId": "01705319"
    },
    {
      "categoryType": "Bottoms",
      "productUrl": "/clothing/women/mid-rise-medium-wash-skinny-jeans/pro/07207835C/cat890004",
      "category": [
        "Clearance  Women",
        "Women's Final Sale "
      ],
      "availability": "false",
      "size": [
        "18 Long",
        "18",
        "00 Long",
        "18 Short"
      ],
      "sku": "07207835C",
      "productDescription": "Create your sexiest silhouette with our curve-hugging skinny jean. With an alluring mid rise and a classic wash, your legs never had it so good.",
      "catlevel2Name": "Clearance  Women",
      "title": "mid rise medium wash skinny jeans",
      "productImage": "https://images.express.com/is/image/expressfashion/0091_07207835_0019?cache=on&wid=361&fmt=jpeg&qlt=75,1&resmode=sharp2&op_usm=1,1,5,0&defaultImage=Photo-Coming-Soon",
      "color": [
        "Blue"
      ],
      "price": 79.9,
      "catlevel1Name": "women",
      "name": "mid rise medium wash skinny jeans and top",
      "gender": [
        "women"
      ],
      "uniqueId": "07207835C"
    },
    {
      "color": [
        "Blue"
      ],
      "categoryType": "Tops",
      "productUrl": "/clothing/women/stripe-duster/pro/09725333/cat430028",
      "category": [
        "Tops",
        "Shirts & Blouses",
        "Work",
        "Cardigans & Cover Ups",
        "Bold Color & Stripes",
        "Shirts",
        "*W INCLUSION - Feb/Mar DM (40% Off any shirt or top) - 2.21"
      ],
      "availability": "false",
      "size": [
        "XS",
        "S",
        "M",
        "L",
        "XL"
      ],
      "sku": "09725333",
      "productDescription": "Add chic style to your layered looks with this supersoft duster, designed with a lightweight drape and fresh stripes.",
      "catlevel2Name": "Tops",
      "title": "stripe duster",
      "productImage": "https://images.express.com/is/image/expressfashion/0087_09725333_0037?cache=on&wid=361&fmt=jpeg&qlt=75,1&resmode=sharp2&op_usm=1,1,5,0&defaultImage=Photo-Coming-Soon",
      "price": 69.9,
      "catlevel3Name": "Shirts & Blouses",
      "catlevel1Name": "women",
      "name": "stripe duster",
      "gender": [
        "women"
      ],
      "catlevel4Name": "Shirts",
      "uniqueId": "09725333"
    },
    {
      "color": [
        "Brown"
      ],
      "categoryType": "Bottoms",
      "productUrl": "/clothing/women/mid-rise-leopard-print-jean-ankle-leggings/pro/07199265/cat1910070",
      "category": [
        "Jeans",
        "Jean Leggings",
        "*W INCLUSION - Mar DM (40% Off any one pair of jeans) - 2.21",
        "Bottoms"
      ],
      "availability": "false",
      "size": [
        "18 Short",
        "12 Long",
        "00 Short",
        "4 Long",
        "6 Long",
        "16 Short",
        "00",
        "0",
        "2",
        "4",
        "6",
        "18 Long",
        "8",
        "0 Long",
        "4 Short",
        "16 Long",
        "14 Long",
        "2 Short",
        "00 Long",
        "10 Long",
        "10 Short",
        "12 Short",
        "6 Short",
        "14 Short",
        "10",
        "2 Long",
        "12",
        "8 Long",
        "14",
        "16",
        "18",
        "0 Short",
        "8 Short"
      ],
      "sku": "07199265",
      "productDescription": "Fierce and flattering, this stretch-infused jean promises comfort, style and an eye-catching outfit thanks to the bold leopard print. Cut at ankle length with a mid rise fit.",
      "catlevel2Name": "Jeans and Top",
      "title": "mid rise leopard print jean ankle leggings",
      "productImage": "https://images.express.com/is/image/expressfashion/0091_07199265_0578?cache=on&wid=361&fmt=jpeg&qlt=75,1&resmode=sharp2&op_usm=1,1,5,0&defaultImage=Photo-Coming-Soon",
      "price": 88,
      "catlevel3Name": "Jeans",
      "catlevel1Name": "women",
      "name": "mid rise leopard print jean ankle leggings",
      "gender": [
        "women"
      ],
      "uniqueId": "07199265"
    },
    {
      "color": [
        "Red"
      ],
      "categoryType": "Tops",
      "productUrl": "/clothing/women/pleated-balloon-sleeve-thong-bodysuit/pro/06507065/cat430028",
      "category": [
        "Tops",
        "Work",
        "Holiday",
        "Going Out Tops",
        "Work Shirts",
        "Bodysuit",
        "*W INCLUSION - Feb/Mar DM (40% Off any shirt or top) - 2.21"
      ],
      "availability": "false",
      "size": [
        "XS",
        "M",
        "XL"
      ],
      "sku": "06507065",
      "productDescription": "We love the looks that you can create with this long sleeve bodysuit. It stays perfectly tucked in under your favorite jeans or a high waisted skirt. Great for versatile styling.",
      "catlevel2Name": "Tops",
      "title": "pleated balloon sleeve thong bodysuit",
      "productImage": "https://images.express.com/is/image/expressfashion/0086_06507065_0935?cache=on&wid=361&fmt=jpeg&qlt=75,1&resmode=sharp2&op_usm=1,1,5,0&defaultImage=Photo-Coming-Soon",
      "price": 59.9,
      "catlevel3Name": "Going Out Tops",
      "catlevel1Name": "women",
      "name": "pleated balloon sleeve thong bodysuit",
      "gender": [
        "women"
      ],
      "uniqueId": "06507065"
    }
]